ContactID,FriendlyName,Text,StartTime,EndTime,Duration,EntityType,Description,RegulatoryCompliance,SpeakerID,SpeakerName
16363559,null,redactcc,364.1,365.4,1.3,null,null,null,1,Agent
16363562,null,redactcc,103.6,104.4,0.8,null,null,null,1,Agent
16363562,null,redactcc,105.3,127.6,22.3,null,null,null,1,Agent
16363563,null,redactssn,157.2,158.6,1.4,null,null,null,1,Agent
16363563,null,redactssn,167.7,168.8,1.1,null,null,null,1,Agent
16363563,null,redactcc,253.9,255,1.1,null,null,null,1,Agent
16363563,null,redactexp,276,277.8,1.8,null,null,null,1,Agent
16363566,null,redactcvvwd,362.3,369.2,6.9,null,null,null,1,Agent
16363566,null,redactcc,458.5,460,1.5,null,null,null,1,Agent
16363566,null,redactcc,460.8,462.4,1.6,null,null,null,1,Agent
16363566,null,redactcc,464.5,465.8,1.3,null,null,null,1,Agent
16363566,null,redactcc,465.8,466,0.2,null,null,null,1,Agent
16363568,null,redactgen,152.9,154.1,1.2,null,null,null,1,Agent
16363568,null,redactgen,154.1,154.3,0.2,null,null,null,1,Agent
16363568,null,redactcc,205.1,206,0.9,null,null,null,1,Agent
16363568,null,redactcc,294.6,295.6,1,null,null,null,1,Agent
16363575,null,redactcc,122.8,123.9,1.1,null,null,null,1,Agent
16363575,null,redactcc,125.1,126.1,1,null,null,null,1,Agent
16363575,null,redactcvvwd,170.6,175.6,5,null,null,null,1,Agent
16363575,null,redactexpwd,240.6,245.4,4.8,null,null,null,1,Agent
16363575,null,redactexp,252.4,252.8,0.4,null,null,null,1,Agent
16363581,null,redactcc,458.2,459.3,1.1,null,null,null,1,Agent
16363584,null,redactexp,87.6,88,0.4,null,null,null,1,Agent
16363584,null,redactccback,103.6,104.2,0.6,null,null,null,1,Agent
16363584,null,redactcc,341.9,346.4,4.5,null,null,null,1,Agent
16363584,null,redactssn,350.3,352.8,2.5,null,null,null,1,Agent
16363584,null,redactcvvwd,355.6,360.1,4.5,null,null,null,1,Agent
16363584,null,redactcvvwd,363.2,365.6,2.4,null,null,null,1,Agent
16363584,null,redactexpwd,375,382.1,7.1,null,null,null,1,Agent
16363584,null,redactcvvwd,382.1,386.9,4.8,null,null,null,1,Agent
16363584,null,redactcc,406.7,407.2,0.5,null,null,null,1,Agent
16363584,null,redactcc,408.3,409.5,1.2,null,null,null,1,Agent
16363584,null,redactcc,442.6,443.4,0.8,null,null,null,1,Agent
16363588,null,redactcvv,291,291.4,0.4,null,null,null,1,Agent
16363588,null,redactacct,727,727.8,0.8,null,null,null,1,Agent
16363588,null,redactacct,738.6,746.3,7.7,null,null,null,1,Agent
16363588,null,redactacct,757.7,759.9,2.2,null,null,null,1,Agent
16363588,null,redactacct,776.4,780.4,4,null,null,null,1,Agent
16363589,null,redactexpwd,247.8,249.4,1.6,null,null,null,1,Agent
16363590,null,redactccback,510.5,511.9,1.4,null,null,null,1,Agent
16363590,null,redactcc,552.8,553.9,1.1,null,null,null,1,Agent
16363590,null,redactcvvwd,584.3,587,2.7,null,null,null,1,Agent
16363590,null,redactcvvwd,587.3,591.9,4.6,null,null,null,1,Agent
16363590,null,redactcvvwd,628.6,632.6,4,null,null,null,1,Agent
16363590,null,redactexpwd,650.1,670.9,20.8,null,null,null,1,Agent
16363590,null,redactcc,1093.9,1095,1.1,null,null,null,1,Agent
16363596,null,redactcc,89.6,90.6,1,null,null,null,1,Agent
16363598,null,redactcc,439.6,441.2,1.6,null,null,null,1,Agent
16363598,null,redactcc,518.7,520,1.3,null,null,null,1,Agent
16363609,null,redactccback,602.5,603.1,0.6,null,null,null,1,Agent
16363609,null,redactexpwd,619.3,624.1,4.8,null,null,null,1,Agent
16363616,null,redactcc,663.2,664.1,0.9,null,null,null,1,Agent
16363616,null,redactcc,718.2,720.9,2.7,null,null,null,1,Agent
16363616,null,redactcc,724.9,730.1,5.2,null,null,null,1,Agent
16363618,null,redactcc,250.1,250.6,0.5,null,null,null,1,Agent
16363618,null,redactcc,298.2,298.9,0.7,null,null,null,1,Agent
16363618,null,redactcvvwd,722.2,725.1,2.9,null,null,null,1,Agent
16363618,null,redactcvv,746.5,746.7,0.2,null,null,null,1,Agent
16363618,null,redactexpwd,757.3,761.6,4.3,null,null,null,1,Agent
16363618,null,redactcc,764,764.8,0.8,null,null,null,1,Agent
16363618,null,redactcc,840.3,841.4,1.1,null,null,null,1,Agent
16363618,null,redactcc,841.4,841.7,0.3,null,null,null,1,Agent
16363620,null,redactexp,545.2,546.4,1.2,null,null,null,1,Agent
16363620,null,redactcc,832.9,834.1,1.2,null,null,null,1,Agent
16363624,null,redactssn,10.4,12.6,2.2,null,null,null,1,Agent
16363624,null,redactssn,16.1,16.5,0.4,null,null,null,1,Agent
16363627,null,redactcc,246.6,247.8,1.2,null,null,null,1,Agent
16363630,null,redactcc,338.4,339.7,1.3,null,null,null,1,Agent
16363630,null,redactcc,340.2,341.6,1.4,null,null,null,1,Agent
16363630,null,redactcc,341.6,341.8,0.2,null,null,null,1,Agent
16363635,null,redactcc,668.4,669.5,1.1,null,null,null,1,Agent
16363635,null,redactcc,821.7,822.6,0.9,null,null,null,1,Agent
16363635,null,redactexp,873.8,874,0.2,null,null,null,1,Agent
16363635,null,redactexp,874.2,874.6,0.4,null,null,null,1,Agent
16363636,null,redactssn,180,181.2,1.2,null,null,null,1,Agent
16363638,null,redactcc,528,529.1,1.1,null,null,null,1,Agent
16363643,null,redactcc,83.6,85.5,1.9,null,null,null,1,Agent
16363652,null,redactcc,212.4,213.1,0.7,null,null,null,1,Agent
16363653,null,redactcvvwd,103,105.5,2.5,null,null,null,1,Agent
16363654,null,redactcc,303,303.8,0.8,null,null,null,1,Agent
16363654,null,redactcc,305.5,306,0.5,null,null,null,1,Agent
16363656,null,redactcc,404.2,405.2,1,null,null,null,1,Agent
16363656,null,redactexp,418.8,419,0.2,null,null,null,1,Agent
16363657,null,redactexpwd,735.3,736.2,0.9,null,null,null,1,Agent
16363657,null,redactcc,914.6,915.6,1,null,null,null,1,Agent
16363657,null,redactcc,920.8,922.2,1.4,null,null,null,1,Agent
16363657,null,redactcc,922.4,923.4,1,null,null,null,1,Agent
16363657,null,redactcc,923.4,923.7,0.3,null,null,null,1,Agent
16363662,null,redactgen,143.3,144.2,0.9,null,null,null,1,Agent
16363662,null,redactgen,144.5,145.4,0.9,null,null,null,1,Agent
16363662,null,redactgen,149.6,150.8,1.2,null,null,null,1,Agent
16363662,null,redactccback,196.4,197.4,1,null,null,null,1,Agent
16363662,null,redactccback,197.4,198,0.6,null,null,null,1,Agent
16363662,null,redactexp,207.5,207.7,0.2,null,null,null,1,Agent
16363662,null,redactcc,242.8,244.1,1.3,null,null,null,1,Agent
16363662,null,redactcc,377.1,377.7,0.6,null,null,null,1,Agent
16363662,null,redactcc,382.4,383.5,1.1,null,null,null,1,Agent
16363662,null,redactcc,383.5,384.2,0.7,null,null,null,1,Agent
16363662,null,redactcc,397.1,397.8,0.7,null,null,null,1,Agent
16363662,null,redactcc,398.8,400.1,1.3,null,null,null,1,Agent
16363662,null,redactcc,509,510.6,1.6,null,null,null,1,Agent
16363662,null,redactexp,565.9,566.1,0.2,null,null,null,1,Agent
16363662,null,redactexp,568.5,568.8,0.3,null,null,null,1,Agent
16363663,null,redactcc,163.9,164.5,0.6,null,null,null,1,Agent
16363663,null,redactcc,167.9,168.7,0.8,null,null,null,1,Agent
16363663,null,redactcc,195,195.8,0.8,null,null,null,1,Agent
16363663,null,redactcc,216.5,217.7,1.2,null,null,null,1,Agent
16363665,null,redactccback,174.8,176.1,1.3,null,null,null,1,Agent
16363665,null,redactcc,314.4,315.5,1.1,null,null,null,1,Agent
16363668,null,redactcvvwd,391.9,394.1,2.2,null,null,null,1,Agent
16363668,null,redactexp,395.9,396,0.1,null,null,null,1,Agent
16363668,null,redactcvvwd,418.6,427.3,8.7,null,null,null,1,Agent
16363668,null,redactexpwd,436.1,437.4,1.3,null,null,null,1,Agent
16363668,null,redactexp,444.3,445.2,0.9,null,null,null,1,Agent
16363668,null,redactexpwd,640.7,642.2,1.5,null,null,null,1,Agent
16363669,null,redactcc,148.8,151.3,2.5,null,null,null,1,Agent
16363669,null,redactcc,152.4,154.4,2,null,null,null,1,Agent
16363669,null,redactcc,234,235.3,1.3,null,null,null,1,Agent
16363673,null,redactcc,457.2,458,0.8,null,null,null,1,Agent
16363673,null,redactcc,459.7,460.3,0.6,null,null,null,1,Agent
16363677,null,redactssn,85.3,86.8,1.5,null,null,null,1,Agent
16363677,null,redactssn,365.3,366,0.7,null,null,null,1,Agent
16363680,null,redactgen,558.1,559.4,1.3,null,null,null,1,Agent
16363680,null,redactcc,604.7,606.7,2,null,null,null,1,Agent
16363681,null,redactcc,364.7,365.1,0.4,null,null,null,1,Agent
16363681,null,redactcc,368.6,370.3,1.7,null,null,null,1,Agent
16363681,null,redactcc,385.6,386.8,1.2,null,null,null,1,Agent
16363681,null,redactcc,386.8,387.7,0.9,null,null,null,1,Agent
16363687,null,redactcc,381.5,382,0.5,null,null,null,1,Agent
16363687,null,redactcc,387,388.7,1.7,null,null,null,1,Agent
16363687,null,redactcc,404.6,405.1,0.5,null,null,null,1,Agent
16363687,null,redactssn,434,435.3,1.3,null,null,null,1,Agent
16363687,null,redactssn,438,438.9,0.9,null,null,null,1,Agent
16363687,null,redactcc,452.8,454.5,1.7,null,null,null,1,Agent
16363687,null,redactcc,542.7,544.4,1.7,null,null,null,1,Agent
16363687,null,redactcc,548.3,551.3,3,null,null,null,1,Agent
16363689,null,redactcc,459,460.2,1.2,null,null,null,1,Agent
16363689,null,redactcc,482,482.7,0.7,null,null,null,1,Agent
16363689,null,redactcc,489.6,490.4,0.8,null,null,null,1,Agent
16363691,null,redactgen,155.3,156.8,1.5,null,null,null,1,Agent
16363691,null,redactcc,570.9,572.8,1.9,null,null,null,1,Agent
16363691,null,redactcc,574,574.7,0.7,null,null,null,1,Agent
16363693,null,redactcc,386.4,387,0.6,null,null,null,1,Agent
16363693,null,redactcc,468.7,469.2,0.5,null,null,null,1,Agent
16363693,null,redactcc,472.8,474,1.2,null,null,null,1,Agent
16363694,null,redactcc,194.2,194.6,0.4,null,null,null,1,Agent
16363694,null,redactcc,198,199.4,1.4,null,null,null,1,Agent
16363694,null,redactcc,208.5,209.4,0.9,null,null,null,1,Agent
16363694,null,redactcvvwd,407.2,413.1,5.9,null,null,null,1,Agent
16363695,null,redactcc,511.7,512.5,0.8,null,null,null,1,Agent
16363695,null,redactcc,516.8,517.7,0.9,null,null,null,1,Agent
16363695,null,redactcc,517.7,520.1,2.4,null,null,null,1,Agent
16363696,null,redactcc,331.5,333.6,2.1,null,null,null,1,Agent
16363697,null,redactcc,322,322.5,0.5,null,null,null,1,Agent
16363697,null,redactcvvwd,377.4,385.5,8.1,null,null,null,1,Agent
16363697,null,redactcc,462,462.8,0.8,null,null,null,1,Agent
16363697,null,redactcc,466.7,467.7,1,null,null,null,1,Agent
16363697,null,redactcc,467.7,468,0.3,null,null,null,1,Agent
16363703,null,redactexp,329.6,330.1,0.5,null,null,null,1,Agent
16363703,null,redactexp,330.2,330.9,0.7,null,null,null,1,Agent
16363704,null,redactcc,507.9,508.9,1,null,null,null,1,Agent
16363704,null,redactcc,518.1,520.6,2.5,null,null,null,1,Agent
16363704,null,redactcc,520.6,521,0.4,null,null,null,1,Agent
16363705,null,redactcvv,298.4,303.8,5.4,null,null,null,1,Agent
16363708,null,redactexp,436.9,437.3,0.4,null,null,null,1,Agent
16363708,null,redactexp,503.8,504.1,0.3,null,null,null,1,Agent
16363708,null,redactcc,611,612.5,1.5,null,null,null,1,Agent
16363708,null,redactcc,617.6,619.6,2,null,null,null,1,Agent
16363709,null,redactccback,228.1,228.6,0.5,null,null,null,1,Agent
16363709,null,redactccback,229.6,234.7,5.1,null,null,null,1,Agent
16363709,null,redactexp,247.5,249.7,2.2,null,null,null,1,Agent
16363709,null,redactexp,250.1,250.2,0.1,null,null,null,1,Agent
16363709,null,redactexp,250.4,251.5,1.1,null,null,null,1,Agent
16363709,null,redactexp,251.9,252.2,0.3,null,null,null,1,Agent
16363710,null,redactcc,160.4,160.8,0.4,null,null,null,1,Agent
16363710,null,redactcc,178.2,178.8,0.6,null,null,null,1,Agent
16363711,null,redactcc,178.5,179.2,0.7,null,null,null,1,Agent
16363711,null,redactcvvwd,264.7,276,11.3,null,null,null,1,Agent
16363711,null,redactexpwd,279.1,283.2,4.1,null,null,null,1,Agent
16363711,null,redactexp,322.4,322.9,0.5,null,null,null,1,Agent
16363711,null,redactexp,323.4,324.8,1.4,null,null,null,1,Agent
16363711,null,redactexp,324.8,325,0.2,null,null,null,1,Agent
16363711,null,redactcc,392.4,394,1.6,null,null,null,1,Agent
16363711,null,redactcc,841.8,843.3,1.5,null,null,null,1,Agent
16363712,null,redactcvvwd,418.7,425.1,6.4,null,null,null,1,Agent
16363712,null,redactcvvwd,430.6,440,9.4,null,null,null,1,Agent
16363712,null,redactcvvwd,454.8,461.6,6.8,null,null,null,1,Agent
16363712,null,redactccback,477.7,478.6,0.9,null,null,null,1,Agent
16363712,null,redactcc,575.2,576.8,1.6,null,null,null,1,Agent
16363712,null,redactcvvwd,598.5,605.2,6.7,null,null,null,1,Agent
16363712,null,redactexp,606.6,607.2,0.6,null,null,null,1,Agent
16363712,null,redactcc,607.2,608,0.8,null,null,null,1,Agent
16363713,null,redactcc,70.7,71.7,1,null,null,null,1,Agent
16363713,null,redactcc,212,212.8,0.8,null,null,null,1,Agent
16363713,null,redactcc,214.2,217,2.8,null,null,null,1,Agent
16363713,null,redactcc,224.4,226.8,2.4,null,null,null,1,Agent
16363713,null,redactcc,322.5,323.9,1.4,null,null,null,1,Agent
16363713,null,redactcc,334.9,336,1.1,null,null,null,1,Agent
16363713,null,redactacct,369,370.9,1.9,null,null,null,1,Agent
16363713,null,redactacct,371.6,373.5,1.9,null,null,null,1,Agent
16363713,null,redactacct,373.5,374.5,1,null,null,null,1,Agent
16363713,null,redactacct,375.5,379,3.5,null,null,null,1,Agent
16363714,null,redactcc,134.1,134.8,0.7,null,null,null,1,Agent
16363715,null,redactcc,356.1,358,1.9,null,null,null,1,Agent
16363715,null,redactcc,377.8,379.1,1.3,null,null,null,1,Agent
16363715,null,redactcc,379.1,379.5,0.4,null,null,null,1,Agent
16363715,null,redactcc,475,476.2,1.2,null,null,null,1,Agent
16363715,null,redactcc,487.7,488.4,0.7,null,null,null,1,Agent
16363715,null,redactcc,501.9,502.8,0.9,null,null,null,1,Agent
16363715,null,redactcc,589.8,591.1,1.3,null,null,null,1,Agent
16363715,null,redactcc,610.6,611.1,0.5,null,null,null,1,Agent
16363715,null,redactcc,611.9,613.6,1.7,null,null,null,1,Agent
16363715,null,redactcc,617.6,620.2,2.6,null,null,null,1,Agent
16363715,null,redactcc,623.9,625.4,1.5,null,null,null,1,Agent
16363715,null,redactcc,626.9,628.8,1.9,null,null,null,1,Agent
16363715,null,redactcc,759.8,761.4,1.6,null,null,null,1,Agent
16363715,null,redactcc,777.4,778.9,1.5,null,null,null,1,Agent
16363715,null,redactcc,778.9,780.6,1.7,null,null,null,1,Agent
16363719,null,redactcc,340,341.4,1.4,null,null,null,1,Agent
16363719,null,redactcvvwd,370.3,373.1,2.8,null,null,null,1,Agent
16363719,null,redactexp,446.4,446.7,0.3,null,null,null,1,Agent
16363719,null,redactcc,446.7,448.8,2.1,null,null,null,1,Agent
16363719,null,redactcc,448.8,450.6,1.8,null,null,null,1,Agent
16363719,null,redactcc,452.6,454.4,1.8,null,null,null,1,Agent
16363719,null,redactcc,454.4,454.7,0.3,null,null,null,1,Agent
16363719,null,redactcc,531,532,1,null,null,null,1,Agent
16363719,null,redactcc,538.6,540.1,1.5,null,null,null,1,Agent
16363719,null,redactcc,540.1,541.1,1,null,null,null,1,Agent
16363720,null,redactcc,290.5,291.2,0.7,null,null,null,1,Agent
16363720,null,redactcc,300.1,301.4,1.3,null,null,null,1,Agent
16363720,null,redactcc,485.3,486.1,0.8,null,null,null,1,Agent
16363720,null,redactcc,495.3,496.7,1.4,null,null,null,1,Agent
16363720,null,redactcc,502,502.6,0.6,null,null,null,1,Agent
16363720,null,redactcc,504.1,506.7,2.6,null,null,null,1,Agent
16363720,null,redactcc,543.8,545.6,1.8,null,null,null,1,Agent
16363721,null,redactcc,296.1,297,0.9,null,null,null,1,Agent
16363721,null,redactexp,445.2,445.5,0.3,null,null,null,1,Agent
16363721,null,redactcc,527,528.8,1.8,null,null,null,1,Agent
16363721,null,redactcc,541.2,543.5,2.3,null,null,null,1,Agent
16363723,null,redactcc,332.8,334.9,2.1,null,null,null,1,Agent
16363723,null,redactcc,349.1,350.2,1.1,null,null,null,1,Agent
16363724,null,redactcvvwd,244.7,255.8,11.1,null,null,null,1,Agent
16363724,null,redactcc,262.2,263.4,1.2,null,null,null,1,Agent
16363724,null,redactcc,321.1,321.8,0.7,null,null,null,1,Agent
16363724,null,redactcvvwd,483,493.7,10.7,null,null,null,1,Agent
16363724,null,redactcc,496,497,1,null,null,null,1,Agent
16363726,null,redactssn,516,517.2,1.2,null,null,null,1,Agent
16363726,null,redactcc,738.7,740.1,1.4,null,null,null,1,Agent
16363727,null,redactcc,371.7,373,1.3,null,null,null,1,Agent
16363727,null,redactcc,515.1,516.4,1.3,null,null,null,1,Agent
16363728,null,redactcc,616.6,617.9,1.3,null,null,null,1,Agent
16363728,null,redactcc,629.5,630.3,0.8,null,null,null,1,Agent
16363728,null,redactcc,886.2,887.3,1.1,null,null,null,1,Agent
16363729,null,redactexp,187.4,187.9,0.5,null,null,null,1,Agent
16363729,null,redactcvvwd,650.6,660.7,10.1,null,null,null,1,Agent
16363729,null,redactexpwd,661.9,669.8,7.9,null,null,null,1,Agent
16363729,null,redactexp,672.2,672.5,0.3,null,null,null,1,Agent
16363729,null,redactcc,754.5,756.2,1.7,null,null,null,1,Agent
16363729,null,redactexp,853.3,859.6,6.3,null,null,null,1,Agent
16363729,null,redactexp,951.7,958.1,6.4,null,null,null,1,Agent
16363729,null,redactexp,958.8,959.4,0.6,null,null,null,1,Agent
16363729,null,redactexp,959.6,961.7,2.1,null,null,null,1,Agent
16363733,null,redactacct,313.8,316.6,2.8,null,null,null,1,Agent
16363733,null,redactacct,316.6,317,0.4,null,null,null,1,Agent
16363735,null,redactcc,179.4,179.9,0.5,null,null,null,1,Agent
16363735,null,redactcc,450,450.9,0.9,null,null,null,1,Agent
16363735,null,redactcc,454.6,455.7,1.1,null,null,null,1,Agent
16363736,null,redactcvvwd,1034.4,1046.2,11.8,null,null,null,1,Agent
16363736,null,redactcc,1058,1059.4,1.4,null,null,null,1,Agent
16363747,null,redactcc,366.2,367.3,1.1,null,null,null,1,Agent
16363747,null,redactcc,388,389.7,1.7,null,null,null,1,Agent
16363749,null,redactcc,244.5,245.4,0.9,null,null,null,1,Agent
16363751,null,redactdob,71.3,72,0.7,null,null,null,1,Agent
16363755,null,redactexp,436.1,438,1.9,null,null,null,1,Agent
16363756,null,redactexp,57.2,57.8,0.6,null,null,null,1,Agent
16363756,null,redactcc,317.2,318.4,1.2,null,null,null,1,Agent
16363756,null,redactcc,326.4,328,1.6,null,null,null,1,Agent
16363756,null,redactcc,329.6,330.8,1.2,null,null,null,1,Agent
16363757,null,redactcc,198.1,199.4,1.3,null,null,null,1,Agent
16363757,null,redactcvvwd,268.3,284.7,16.4,null,null,null,1,Agent
16363757,null,redactccback,291.6,293.2,1.6,null,null,null,1,Agent
16363759,null,redactexp,81.2,82.7,1.5,null,null,null,1,Agent
16363759,null,redactexp,82.7,83.6,0.9,null,null,null,1,Agent
16363759,null,redactcvvwd,291.5,300.1,8.6,null,null,null,1,Agent
16363759,null,redactexpwd,301.6,310.7,9.1,null,null,null,1,Agent
16363759,null,redactcc,365.5,366.2,0.7,null,null,null,1,Agent
16363759,null,redactcc,370.4,371.6,1.2,null,null,null,1,Agent
16363759,null,redactcc,371.6,372.1,0.5,null,null,null,1,Agent
16363761,null,redactcvvwd,353.2,361.6,8.4,null,null,null,1,Agent
16363762,null,redactacct,488.3,490.1,1.8,null,null,null,1,Agent
16363762,null,redactacct,498.9,500.3,1.4,null,null,null,1,Agent
16363762,null,redactacct,501.6,504.9,3.3,null,null,null,1,Agent
16363762,null,redactacct,504.9,507.5,2.6,null,null,null,1,Agent
16363762,null,redactacct,507.5,510.7,3.2,null,null,null,1,Agent
16363762,null,redactacct,510.7,512.5,1.8,null,null,null,1,Agent
16363764,null,redactcc,527.8,529.4,1.6,null,null,null,1,Agent
16363764,null,redactcc,540.6,541.7,1.1,null,null,null,1,Agent
16363764,null,redactcc,566,567.3,1.3,null,null,null,1,Agent
16363764,null,redactcc,567.3,567.8,0.5,null,null,null,1,Agent
16363764,null,redactcc,588.8,589.8,1,null,null,null,1,Agent
16363765,null,redactcc,368.6,369.6,1,null,null,null,1,Agent
16363768,null,redactexpwd,293.2,294.6,1.4,null,null,null,1,Agent
16363771,null,redactexp,70.9,71.9,1,null,null,null,1,Agent
16363771,null,redactexp,72.6,73.2,0.6,null,null,null,1,Agent
16363771,null,redactcc,322.2,324.1,1.9,null,null,null,1,Agent
16363779,null,redactexp,46,46.3,0.3,null,null,null,1,Agent
16363779,null,redactccback,77,77.8,0.8,null,null,null,1,Agent
16363779,null,redactccback,78.4,79.6,1.2,null,null,null,1,Agent
16363780,null,redactccback,270.8,271.3,0.5,null,null,null,1,Agent
16363780,null,redactexp,278.8,279.4,0.6,null,null,null,1,Agent
16363780,null,redactcc,460.9,462.4,1.5,null,null,null,1,Agent
16363781,null,redactcc,640.3,641.7,1.4,null,null,null,1,Agent
16363781,null,redactcc,642.2,643.5,1.3,null,null,null,1,Agent
16363781,null,redactcc,660.5,662.8,2.3,null,null,null,1,Agent
16363781,null,redactcc,761.2,762,0.8,null,null,null,1,Agent
16363781,null,redactcc,773,774.3,1.3,null,null,null,1,Agent
16363784,null,redactcc,242.6,243.2,0.6,null,null,null,1,Agent
16363787,null,redactcc,390.4,391.7,1.3,null,null,null,1,Agent
16363788,null,redactacct,392.2,393.9,1.7,null,null,null,1,Agent
16363788,null,redactacct,393.9,395.6,1.7,null,null,null,1,Agent
16363788,null,redactacct,395.6,399.1,3.5,null,null,null,1,Agent
16363789,null,redactcc,520.2,521.4,1.2,null,null,null,1,Agent
16363789,null,redactcc,536.1,537.2,1.1,null,null,null,1,Agent
16363789,null,redactcc,633.9,635.1,1.2,null,null,null,1,Agent
16363790,null,redactcc,171,171.6,0.6,null,null,null,1,Agent
16363790,null,redactcvvwd,411.5,415.9,4.4,null,null,null,1,Agent
16363790,null,redactcvvwd,439.1,445.4,6.3,null,null,null,1,Agent
16363790,null,redactexpwd,465.6,478.2,12.6,null,null,null,1,Agent
16363790,null,redactcc,622.5,623.6,1.1,null,null,null,1,Agent
16363791,null,redactcc,261.8,262.9,1.1,null,null,null,1,Agent
16363791,null,redactcc,263.4,266.1,2.7,null,null,null,1,Agent
16363792,null,redactcc,467.3,469,1.7,null,null,null,1,Agent
16363793,null,redactcc,107.4,109,1.6,null,null,null,1,Agent
16363793,null,redactcc,109.4,111,1.6,null,null,null,1,Agent
16363795,null,redactcc,170.8,175.1,4.3,null,null,null,1,Agent
16363798,null,redactcc,585.4,586,0.6,null,null,null,1,Agent
16363798,null,redactcc,587.7,588.4,0.7,null,null,null,1,Agent
16363800,null,redactexpwd,819.2,821.3,2.1,null,null,null,1,Agent
16363800,null,redactcc,832,833.9,1.9,null,null,null,1,Agent
16363800,null,redactcc,984.7,986,1.3,null,null,null,1,Agent
16363802,null,redactcc,103.9,105.3,1.4,null,null,null,1,Agent
16363802,null,redactcc,123.7,126.1,2.4,null,null,null,1,Agent
16363802,null,redactcvvwd,161.9,163.8,1.9,null,null,null,1,Agent
16363803,null,redactcc,143.8,144.7,0.9,null,null,null,1,Agent
16363803,null,redactcc,162.3,164,1.7,null,null,null,1,Agent
16363805,null,redactccback,39.3,40,0.7,null,null,null,1,Agent
16363805,null,redactexp,55.6,57.2,1.6,null,null,null,1,Agent
16363805,null,redactexp,57.2,57.6,0.4,null,null,null,1,Agent
16363805,null,redactexp,57.6,58,0.4,null,null,null,1,Agent
16363805,null,redactexp,58,58.3,0.3,null,null,null,1,Agent
16363805,null,redactssn,248,250.2,2.2,null,null,null,1,Agent
16363805,null,redactssn,257.4,258.6,1.2,null,null,null,1,Agent
16363805,null,redactcc,445.3,446.8,1.5,null,null,null,1,Agent
16363808,null,redactcc,451.5,453.3,1.8,null,null,null,1,Agent
16363809,null,redactcc,337.3,338.6,1.3,null,null,null,1,Agent
16363810,null,redactexp,51,51.3,0.3,null,null,null,1,Agent
16363810,null,redactccback,52.1,53.3,1.2,null,null,null,1,Agent
16363810,null,redactexp,58,58.9,0.9,null,null,null,1,Agent
16363810,null,redactexp,59.8,60,0.2,null,null,null,1,Agent
16363810,null,redactexp,60.6,61.2,0.6,null,null,null,1,Agent
16363810,null,redactcc,433.3,435.5,2.2,null,null,null,1,Agent
16363810,null,redactcc,435.5,435.8,0.3,null,null,null,1,Agent
16363811,null,redactacct,321.2,322.7,1.5,null,null,null,1,Agent
16363811,null,redactacct,322.7,322.9,0.2,null,null,null,1,Agent
16363811,null,redactacct,325.7,331.6,5.9,null,null,null,1,Agent
16363811,null,redactacct,332.2,334,1.8,null,null,null,1,Agent
16363811,null,redactacct,334,336.4,2.4,null,null,null,1,Agent
16363811,null,redactacct,336.4,338.3,1.9,null,null,null,1,Agent
16363811,null,redactacct,338.3,340.5,2.2,null,null,null,1,Agent
16363813,null,redactccback,153.3,154.3,1,null,null,null,1,Agent
16363813,null,redactcvvwd,241.3,254,12.7,null,null,null,1,Agent
16363813,null,redactcc,319.7,320.9,1.2,null,null,null,1,Agent
16363813,null,redactcc,322.1,323.4,1.3,null,null,null,1,Agent
16363813,null,redactcc,337.2,337.8,0.6,null,null,null,1,Agent
16363817,null,redactcc,171.5,171.9,0.4,null,null,null,1,Agent
16363817,null,redactcc,596,597,1,null,null,null,1,Agent
16363818,null,redactcc,184.3,185.7,1.4,null,null,null,1,Agent
16363818,null,redactcc,223,224.1,1.1,null,null,null,1,Agent
16363818,null,redactcc,224.1,224.3,0.2,null,null,null,1,Agent
16363819,null,redactacct,86.7,87.3,0.6,null,null,null,1,Agent
16363819,null,redactacct,87.6,90.6,3,null,null,null,1,Agent
16363822,null,redactcc,628.1,629.7,1.6,null,null,null,1,Agent
16363822,null,redactexpwd,658.6,667.2,8.6,null,null,null,1,Agent
16363823,null,redactcc,442.2,443.3,1.1,null,null,null,1,Agent
16363823,null,redactcc,443.3,443.8,0.5,null,null,null,1,Agent
16363823,null,redactcc,669.3,670.4,1.1,null,null,null,1,Agent
16363823,null,redactcc,768.9,770.6,1.7,null,null,null,1,Agent
16363823,null,redactcc,780.7,781.6,0.9,null,null,null,1,Agent
16363824,null,redactssn,496.5,497.8,1.3,null,null,null,1,Agent
16363824,null,redactssn,499.1,500.5,1.4,null,null,null,1,Agent
16363824,null,redactcc,533.8,535.4,1.6,null,null,null,1,Agent
16363824,null,redactcc,677.3,678,0.7,null,null,null,1,Agent
16363825,null,redactcc,583.2,584.5,1.3,null,null,null,1,Agent
16363825,null,redactcc,680.7,681.9,1.2,null,null,null,1,Agent
16363825,null,redactcc,689.5,695.8,6.3,null,null,null,1,Agent
16363825,null,redactcc,789.8,791,1.2,null,null,null,1,Agent
16363827,null,redactcc,124.4,125.1,0.7,null,null,null,1,Agent
16363828,null,redactcc,206.7,207.5,0.8,null,null,null,1,Agent
16363828,null,redactcc,207.8,208.4,0.6,null,null,null,1,Agent
16363828,null,redactcc,212,212.7,0.7,null,null,null,1,Agent
16363828,null,redactexp,523.1,523.3,0.2,null,null,null,1,Agent
16363828,null,redactcc,783.6,785.5,1.9,null,null,null,1,Agent
16363828,null,redactcc,808.2,813.3,5.1,null,null,null,1,Agent
16363830,null,redactcc,1236.3,1237.4,1.1,null,null,null,1,Agent
16363831,null,redactexp,27.6,29.4,1.8,null,null,null,1,Agent
16363831,null,redactcc,109,110.2,1.2,null,null,null,1,Agent
16363832,null,redactcc,1178.1,1178.7,0.6,null,null,null,1,Agent
16363833,null,redactcc,317.9,318.8,0.9,null,null,null,1,Agent
16363833,null,redactcvvwd,362.8,364.2,1.4,null,null,null,1,Agent
16363835,null,redactssn,563.2,565.1,1.9,null,null,null,1,Agent
16363835,null,redactssn,587.3,588.5,1.2,null,null,null,1,Agent
16363839,null,redactcc,279.6,281.3,1.7,null,null,null,1,Agent
16363839,null,redactexpwd,292.9,329.1,36.2,null,null,null,1,Agent
16363840,null,redactacct,141,142.6,1.6,null,null,null,1,Agent
16363840,null,redactacct,142.6,144,1.4,null,null,null,1,Agent
16363840,null,redactacct,144,145.5,1.5,null,null,null,1,Agent
16363840,null,redactacct,145.5,147.4,1.9,null,null,null,1,Agent
16363840,null,redactcc,693.6,694.1,0.5,null,null,null,1,Agent
16363840,null,redactcc,699.7,700.3,0.6,null,null,null,1,Agent
16363840,null,redactcc,1544.2,1544.6,0.4,null,null,null,1,Agent
16363841,null,redactcc,991.4,992,0.6,null,null,null,1,Agent
16363842,null,redactcc,591,592.2,1.2,null,null,null,1,Agent
16363842,null,redactcc,594.8,596.3,1.5,null,null,null,1,Agent
16363842,null,redactcc,606.4,607.5,1.1,null,null,null,1,Agent
16363844,null,redactcc,70.5,71.8,1.3,null,null,null,1,Agent
16363844,null,redactcvvwd,137.1,147.3,10.2,null,null,null,1,Agent
16363846,null,redactcc,545.6,546.1,0.5,null,null,null,1,Agent
16363846,null,redactcc,798.2,800,1.8,null,null,null,1,Agent
16363846,null,redactcc,813.1,814.7,1.6,null,null,null,1,Agent
16363846,null,redactcc,814.7,816.1,1.4,null,null,null,1,Agent
16363846,null,redactcc,816.1,817.6,1.5,null,null,null,1,Agent
16363848,null,redactcvvwd,199.2,205.7,6.5,null,null,null,1,Agent
16363848,null,redactcvvwd,209.6,214.3,4.7,null,null,null,1,Agent
16363848,null,redactexp,225,226.2,1.2,null,null,null,1,Agent
16363848,null,redactcc,475.5,477.2,1.7,null,null,null,1,Agent
16363849,null,redactcc,1072.3,1073.6,1.3,null,null,null,1,Agent
16363851,null,redactcc,284.8,287,2.2,null,null,null,1,Agent
16363854,null,redactcc,131.7,132.3,0.6,null,null,null,1,Agent
16363857,null,redactacct,46,47.4,1.4,null,null,null,1,Agent
16363859,null,redactcc,940.4,941.6,1.2,null,null,null,1,Agent
16363859,null,redactcc,947.8,948.6,0.8,null,null,null,1,Agent
16363864,null,redactexp,130.2,131,0.8,null,null,null,1,Agent
16363864,null,redactexp,131.1,133,1.9,null,null,null,1,Agent
16363866,null,redactcc,163.9,165.1,1.2,null,null,null,1,Agent
16363866,null,redactcc,167.4,170.7,3.3,null,null,null,1,Agent
16363866,null,redactcvvwd,228.1,238.5,10.4,null,null,null,1,Agent
16363866,null,redactcc,321.8,323,1.2,null,null,null,1,Agent
16363867,null,redactcc,746.4,747.8,1.4,null,null,null,1,Agent
16363868,null,redactcc,370.8,372,1.2,null,null,null,1,Agent
16363870,null,redactcc,313.9,314.8,0.9,null,null,null,1,Agent
16363871,null,redactccback,83.9,84.7,0.8,null,null,null,1,Agent
16363871,null,redactccback,85.5,86.6,1.1,null,null,null,1,Agent
16363871,null,redactccback,87,88.1,1.1,null,null,null,1,Agent
16363871,null,redactexp,97.6,98.6,1,null,null,null,1,Agent
16363871,null,redactexp,98.6,100,1.4,null,null,null,1,Agent
16363871,null,redactexp,100,101.8,1.8,null,null,null,1,Agent
16363871,null,redactcc,605.2,606.6,1.4,null,null,null,1,Agent
16363871,null,redactcc,618.3,619.5,1.2,null,null,null,1,Agent
16363871,null,redactcc,619.5,619.8,0.3,null,null,null,1,Agent
16363872,null,redactcvv,153.6,155.5,1.9,null,null,null,1,Agent
16363872,null,redactssn,660.7,662.4,1.7,null,null,null,1,Agent
16363872,null,redactssn,662.4,663,0.6,null,null,null,1,Agent
16363872,null,redactssn,673.8,674.5,0.7,null,null,null,1,Agent
16363872,null,redactssn,675.5,678.8,3.3,null,null,null,1,Agent
16363878,null,redactexp,120.5,120.9,0.4,null,null,null,1,Agent
16363878,null,redactexp,121.3,121.8,0.5,null,null,null,1,Agent
